GSE.Series,Intervention,Experimental_GSM,Control_GSM,Celltype,comments
GSE12110,MEK1,GSM320249;GSM320250;GSM320251;GSM320252;GSM320253,GSM320243;GSM320244;GSM320245;GSM320246;GSM320247;GSM320248,MCF10a,
GSE12110,HRas,GSM320254;GSM320255;GSM320256;GSM320258;GSM320257;GSM320259,GSM320243;GSM320244;GSM320245;GSM320246;GSM320247;GSM320248,MCF10a,
GSE16694,2 rejuvenation factors,GSM418175;GSM418176,GSM418179;GSM418180,Human cord blood cells,
GSE16694,4 rejuvenation factors,GSM418177;GSM418178,GSM418179;GSM418180,Human cord blood cells,
GSE73469,Transdif into smomusc week 2,GSM1895348;GSM1895349;GSM1895350;GSM1895351,GSM1895345;GSM1895346;GSM1895347,Endothelial Progenitor Cells,
GSE73469,Transdif into smomusc week 4,GSM1895351;GSM1895352;GSM1895353,GSM1895345;GSM1895346;GSM1895347,Endothelial Progenitor Cells,
GSE73469,Transdif into smomusc week 2,GSM1895348;GSM1895349;GSM1895350;GSM1895351,GSM1895354;GSM1895355;GSM1895356,Endothelial Progenitor Cells,
GSE73469,Transdif into smomusc week 4,GSM1895351;GSM1895352;GSM1895353,GSM1895354;GSM1895355;GSM1895356,Endothelial Progenitor Cells,"second control is target cell type, first is origin"
GSE16962,mir-210 r,GSM424762;GSM424763;GSM424764,GSM424759;GSM424760;GSM424761,human umbilical vein cells,scramble as control
GSE17585,hsa-miR-299-5p ,GSM438126;GSM438128;GSM438130,GSM438125;GSM438127;GSM438129,CD34+ hematopoietic progenitor cells,
GSE18938,EGF 1.5d,GSM469166,GSM469156,MC10A,
GSE18938,EGF 3d,GSM469167,GSM469157,MC10A,
GSE18938,EGF 5d,GSM469168,GSM469158,MC10A,
GSE18938,EGF 7d,GSM469169,GSM469159,MC10A,
GSE18938,EGF 9d,GSM469170,GSM469160,MC10A,
GSE18938,EGF + HER2 1.5d,GSM469171,GSM469161,MC10A,
GSE18938,EGF + HER2 3d,GSM469172,GSM469162,MC10A,
GSE18938,EGF + HER 2 5d,GSM469173,GSM469163,MC10A,
GSE18938,EGF + HER 2 7d,GSM469174,GSM469164,MC10A,
GSE18938,EGF + HER 2 9d,GSM469175,GSM469165,MC10A,
GSE20285,Notch1,GSM508599;GSM508600;GSM508601,GSM508595;GSM508597;GSM508598,MC10A,
GSE20285,Notch1 L1601P+∆P,GSM508602;GSM508603;GSM508604,GSM508595;GSM508597;GSM508598,MC10A,
GSE20285,NICD,GSM508605;GSM508606;GSM508607,GSM508595;GSM508597;GSM508598,MC10A,
GSE20286,ΔNp63α,GSM508621;GSM508622;GSM508623,GSM508618;GSM508619;GSM508620,MC10A,
GSE20286,TAp63γ,GSM508624;GSM508625;GSM508626,GSM508618;GSM508619;GSM508620,MC10A,
GSE22143,"Donor 1, hsa-miR-449b",GSM550743,GSM550745,proliferating human airway epithelial cells,
GSE22143,"Donor 1, hsa-miR-449a",GSM550744,GSM550745,proliferating human airway epithelial cells,
GSE22143,"Donor 2, hsa-miR-449a",GSM550759,GSM550760,proliferating human airway epithelial cells,
GSE22143,"Donor 2, hsa-miR-449b ",GSM550748,GSM550760,proliferating human airway epithelial cells,
GSE22143,"Donor 3, hsa-miR-34c-5p",GSM550751,GSM550758,proliferating human airway epithelial cells,
GSE22143," Donor 3, hsa-miR-449b",GSM550746,GSM550758,proliferating human airway epithelial cells,
GSE22143,"Donor 3, hsa-miR-34b-5p",GSM550754,GSM550758,proliferating human airway epithelial cells,
GSE22143,"Donor 3, hsa-miR-34a",GSM550756,GSM550758,proliferating human airway epithelial cells,
GSE22143," Donor 3, hsa-miR-449a",GSM550747,GSM550758,proliferating human airway epithelial cells,
GSE22143,"Donor 4, hsa-miR-34c-5p",GSM550749,GSM550757,proliferating human airway epithelial cells,
GSE22143,"Donor 4, hsa-miR-34b-5p",GSM550750,GSM550757,proliferating human airway epithelial cells,
GSE22143," Donor 4, hsa-miR-34a",GSM550752,GSM550757,proliferating human airway epithelial cells,
GSE22143,"Donor 4, hsa-miR-449b ",GSM550753,GSM550757,proliferating human airway epithelial cells,
GSE22143,"Donor 4, hsa-miR-449a",GSM550755,GSM550757,proliferating human airway epithelial cells,
GSE22429,-Hoxc8_adipogenic induction media,GSM557448,GSM557447;GSM557446,ADSCs,two controls because no vector or empty vector
GSE25264,HuR 3h,GSM621772;GSM621773;GSM6217714,GSM621769;GSM621770;GSM621771,BEAS-2B cells,
GSE25264,HuR 18h,GSM621784;GSM621785;GSM621786,GSM621783;GSM621782;GSM621781,BEAS-2B cells,
GSE25296,E1Cmyc1_P3,GSM622228,GSM622226;GSM622227,transformed MSCs,
GSE25296,E1Cmyc1_P4,GSM622229;GSM622231,GSM622226;GSM622227,transformed MSCs,
GSE25296,E1cmyc1_P5,GSM622230,GSM622226;GSM622227,transformed MSCs,
GSE25296,E1Cmyc3_P7,GSM622232,GSM622226;GSM622227,transformed MSCs,
GSE25296,E1Cmyc3_P8,GSM622233,GSM622226;GSM622227,transformed MSCs,
GSE26272,ZNF145,GSM645187;GSM645188;GSM645191;GSM645192,GSM645185;GSM645186;GSM645189;GSM645190,MSC,
GSE26594,Fas,GSM654537,GSM654536,FS087 ,
GSE26594,Fas,GSM654539,GSM654538,MRC5,
GSE26594,Fas,GSM654541,GSM654540,N78 ,
GSE27165,Egr 24h,GSM671490;GSM671491,GSM671486;GSM671487,primary fibroblasts from neonatal foreskin ,
GSE27165,Tgfb 24h,GSM671494;GSM671495,GSM671486;GSM671487,primary fibroblasts from neonatal foreskin ,
GSE27165,Egr 48h,GSM671492;GSM671493,GSM671488;GSM671489,primary fibroblasts from neonatal foreskin ,
GSE27165,Tgfb 48h,GSM671496;GSM671497,GSM671488;GSM671489,primary fibroblasts from neonatal foreskin ,
GSE28546,P53KD+TERT,GSM706867;GSM70670;GSM70673,GSM706866;GSM706869;GSM706872,human MSCs ,
GSE28546,P53KD,GSM706868;GSM70671;GSM70674,GSM706866;GSM706869;GSM706872,human MSCs ,
GSE29753,DLX3,GSM737554;GSM737553,GSM737555;GSM737556,dental follicle cells ,
GSE31127,FOXA1_OE_7h,GSM770706;GSM770707,GSM770701;GSM770700,transformed normal breast cells,
GSE31127,FOXA1_OE_24h,GSM770708;GSM770709,GSM770702;GSM770703,transformed normal breast cells,
GSE31628,TP53,GSM785639;GSM785640,GSM785637;GSM785638,dental follicle cells,
GSE31628,SP1,GSM785641;GSM785642,GSM785637;GSM785638,dental follicle cells,
GSE31628,TP53,GSM785645;GSM785646,GSM785643;GSM785644,SHED,
GSE33437,SP1,GSM785647;GSM785648,GSM785643;GSM785644,SHED,
GSE33799,DUX4f,GSM836021;GSM836022;GSM836029;GSM836030;GSM836031;GSM836032,GSM836025;GSM836026;GSM836027;GSM836028;GSM836037;GSM836038;GSM836039;GSM8360240,myoblasts,
GSE33799,DUX4sh,GSM836023;GSM836024;GSM836033;GSM836034;GSM836035;GSM836036,GSM836025;GSM836026;GSM836027;GSM836028;GSM836037;GSM836038;GSM836039;GSM8360240,myoblasts,
GSE34815,miR-199a-5p,GSM855756;GSM855765,GSM855764;GSM855763,human lung fibroblasts,
GSE34815,miR-21,GSM855760;GSM855755,GSM855764;GSM855763,human lung fibroblasts,
GSE36014,KLF9 2d,GSM879344,GSM879341,neonatal foreskin keratinocytes,
GSE36014,KLF9 4d,GSM879345,GSM879342,neonatal foreskin keratinocytes,
GSE36014,KLF9 7d,GSM879346,GSM879343,neonatal foreskin keratinocytes,
GSE40404,prelamin A,GSM992923,GSM992926;GSM992927,human fibroblasts,
GSE40404, prelamin A and ZMPSTE24  ,GSM992924,GSM992926;GSM992927,human fibroblasts,
GSE40404,progerin  ,GSM992928,GSM992926;GSM992927,human fibroblasts,
GSE40458,miR-126,GSM994489;GSM994485;GSM994481,GSM994488;GSM994484;GSM994480,HSC ,
GSE40986,PDEF,GSM1006379;GSM1006380;GSM1006381,GSM1006378;GSM1006377;GSM1006376,MCF10A,
GSE40987,PDEF,GSM1006381;GSM1006380;GSM1006379,GSM1006378;GSM1006377;GSM1006376,MCF10A,ignored non specific controls
GSE41576,miR29a,GSM1019651;GSM1019653;GSM1019655,GSM1019640;GSM1019642;GSM1019644,adipocytes,
GSE41576,miR422a,GSM1019661;GSM1019659;GSM1019657,GSM1019646;GSM1019648;GSM1019649,adipocytes,
GSE42613,MiR-29,GSM1045801,GSM1045801,neonatal dermal fibroblasts cell lines,same because two wells
GSE42613,MiR-29,GSM1045802,GSM1045802,neonatal dermal fibroblasts cell lines,same because two wells
GSE42613,MiR-29,GSM1045803,GSM1045803,neonatal dermal fibroblasts cell lines,same because two wells
GSE42613,MiR-29,GSM1045804,GSM1045804,neonatal dermal fibroblasts cell lines,same because two wells
GSE42788,miR-22,GSM1049923,GSM1049923,quiescent human fibroblasts,same because two wells
GSE42788,miR-22,GSM1049924,GSM1049924,quiescent human fibroblasts,same because two wells
GSE42788,miR-22,GSM1049925,GSM1049925,quiescent human fibroblasts,same because two wells
GSE42788,miR-22,GSM1049926,GSM1049926,quiescent human fibroblasts,same because two wells
GSE43082,NFX1-123,GSM1212499;GSM1212503;GSM1212507,GSM1056261;GSM1056265;GSM1056269,neonatal human foreskin keratinocytes ,"gussed based on source name_ch1, doublecheck"
GSE43175,hTERT-overexpressing fibroblasts,GSM1057830,GSM1057827,fibroblasts,
GSE43175,induced neurons from exogenous hTERT-overexpressing fibroblasts,GSM1057833,GSM1057827,fibroblasts,
GSE44693,pre-miR-155,GSM1089046;GSM1089047;GSM1089048,GSM1089049;GSM1089050;GSM1089051,hCMEC/D3,
GSE45750,PFKFB3 ,GSM1113607;GSM1113608;GSM1113609,GSM1113604;GSM1113605;GSM1113606,human umbilical vein endothelial,
GSE45750,NICD ,GSM1113610;GSM1113611;GSM1113612,GSM1113604;GSM1113605;GSM1113606,human umbilical vein endothelial,
GSE45750,PFKFB3 & NICD,GSM1113613;GSM1113614;GSM1113615,GSM1113604;GSM1113605;GSM1113606,human umbilical vein endothelial,
GSE45949,ATF4,GSM1120182;GSM1120183;GSM1120184,GSM1120179;GSM1120180;GSM1120181,BEAS2B,
GSE47625,miR-223,GSM1153495;GSM1153496,GSM1153497;GSM1153498,pulmonary epithelial ,
GSE47873,MBD2,GSM1161364;GSM1161365;GSM1161366,GSM1161361;GSM1161362;GSM1161363,MCF-10A,
GSE48006,U134 21-3p,GSM1164904;GSM1164905;GSM1164906,GSM1164910;GSM1164911;GSM1164912,Human Aortic Endothelial Cells,
GSE48006,U134 27a-5p ,GSM1164907;GSM1164908;GSM1164909,GSM1164910;GSM1164911;GSM1164912,Human Aortic Endothelial Cells,
GSE48006,N114 21-3p,GSM1164913;GSM1164914;GSM1164915,GSM1164919;GSM1164920;GSM1164921,Human Aortic Endothelial Cells,
GSE48006,N114 27a-5p,GSM1164916;GSM1164917;GSM1164918,GSM1164919;GSM1164920;GSM1164921,Human Aortic Endothelial Cells,
GSE48275,FiPS OSKM,GSM1173890;GSM1173891,GSM1173885;GSM1173886;GSM1173887,Human fibroblast,
GSE48275,SOX1+OKM,GSM1173892;GSM1173893,GSM1173885;GSM1173886;GSM1173887,Human fibroblast,
GSE48275,ZNF521+OKM,GSM1173894,GSM1173885;GSM1173886;GSM1173887,Human fibroblast,
GSE48275,FiPS GSKM,GSM1173895;GSM1173896;GSM1173897,GSM1173885;GSM1173886;GSM1173887,Human fibroblast,
GSE48275,FIPS OKM+5F ECTO,GSM1173898;GSM1173899,GSM1173885;GSM1173886;GSM1173887,Human fibroblast,
GSE48275,FIPS SOX3+OKM,GSM1173900,GSM1173885;GSM1173886;GSM1173887,Human fibroblast,
GSE52032,14-3-3ζ,GSM1257856,GSM1257855,MCF-10A,
GSE52612,FOXF1,GSM1272592;GSM1272594;GSM1272595;GSM1272598,GSM1272593;GSM1272596;GSM1272597;GSM1272599,Lung fibroblasts,
GSE53929,CEMP1 day 3,GSM1303702;GSM1303703;GSM1303704,GSM1303711;GSM1303712;GSM1303713,Human gingival fibroblast ,
GSE53929,CEMP1 day 7,GSM1303702;GSM1303703;GSM1303704,GSM1303714;GSM1303715;GSM1303716,Human gingival fibroblast ,
GSE53929,CEMP1 day 14,GSM1303708;GSM1303709;GSM1303710,GSM1303717;GSM1303718;GSM1303719,Human gingival fibroblast ,
GSE55269,SNAI2,GSM1333062;GSM1333061,GSM1333059;GSM1333060,human keratinocytes,
GSE55949,Oncogene-induced senescence,GSM1348981,GSM55949,IMR90 fibroblasts,
GSE55949,H3.3cs1-induced senescence early time point,GSM1348982,GSM55949,IMR90 fibroblasts,
GSE55949,H3.3cs1-induced senescence late time point,GSM1348983,GSM55949,IMR90 fibroblasts,
GSE56874,GHTMM-miR133-Snai1,GSM1370498,GSM1370496,iCMs,
GSE56874,GHTMM-miR133,GSM1370497,GSM1370496,iCMs,
GSE57339,ERBB4 expression,GSM1380127;GSM1380128;GSM1380129;GSM1380130;GSM1380133;GSM1380134;GSM1380135;GSM1380136,GSM1380125;GSM1380126;GSM1380131;GSM1380132,MCF10A cells,ifngamma too
GSE58096,SP110b 2 days,GSM1400747;GSM1400748;GSM1400749,GSM1400744;GSM1400745;GSM1400746,THP1 human,
GSE58096,SP110b 4 days,GSM1400753;GSM1400754;GSM1400755,GSM1400750;GSM1400751;GSM1400752,THP1 human,
GSE60298,miR486-3p,GSM1470590;GSM1470588;GSM1470586,GSM1470589;GSM1470587;GSM1470585,CD34+ HPCs,
GSE61139,miR-132,GSM1498286;GSM1498287;GSM1498288,GSM1498285;GSM1498284;GSM1498283,keratinocytes,
GSE61384,FDC-SP,GSM1503615;GSM1503614;GSM1503613,GSM1503612;GSM1503611;GSM1503610,Human Periodontal Ligament Cells,
GSE62634,TAL1,GSM1530538;GSM1530539;GSM1530540,GSM1530541;GSM1530542;GSM1530543,human cord blood HSPCs,
GSE62820,HER2/ERBB2,GSM1533864;GSM1533865;GSM1533866;GSM1533867;GSM1533868,GSM1533852;GSM1533853;GSM1533854;GSM1533855;GSM1533856;GSM1533857;GSM1533858;GSM1533859;GSM1533860;GSM1533861;GSM1533862;GSM1533863,human mammary epithelial cells,
GSE66844,miR-484,GSM1633258,GSM1633257,hiHep,
GSE68073,SOX2,GSM1662289;GSM1662290,GSM1662288;GSM1662287,regenerated human epidermis,
GSE69110,Sox9,GSM1693012;GSM1693013;GSM1693014,GSM1693009;GSM1693010;GSM1693011,developing mammalian chondrocyte,
GSE69228,miR-650,GSM1695705;GSM1695703;GSM1695701,GSM1695704;GSM1695702;GSM1695700,monocyte-derived dendritic cells,
GSE69492,HOTAIR,GSM1701982;GSM1701983;GSM1701984,GSM1701985;GSM1701986;GSM1701987,BM-MSC,
GSE69518,HOTAIR,GSM1701972;GSM1701971;GSM1701970,GSM1701975;GSM1701974;GSM1701973,Mesenchymal Stem Cells ,
GSE69555,miR-99b ,GSM1703867;GSM1703868;GSM17038679,GSM1703873;GSM1703874;GSM1703875,NK cells,
GSE69555,miR-330-3p ,GSM1703870;GSM1703871;GSM1703872,GSM1703873;GSM1703874;GSM1703875,NK cells,
GSE70551,Ovol2,GSM1808938,GSM1808935,MCF10A cells,
GSE70685,MSI2 ,GSM1816429;GSM1816430,GSM1816431;GSM1816432,human haematopoietic stem cells,
GSE73469,Induced Smooth Muscle Cells week4,GSM1895351;GSM1895352;GSM1895353,GSM1895347;GSM1895346;GSM1895345,Endothelial Progenitor Cells,pre controlo
GSE73469,Induced Smooth Muscle Cells week2,GSM1895350;GSM1895349;GSM1895348,GSM1895347;GSM1895346;GSM1895345,Endothelial Progenitor Cells,pre contrl
GSE73469,Induced Smooth Muscle Cells week4,GSM1895351;GSM1895352;GSM1895353,GSM1895354;GSM1895355;GSM1895356,Endothelial Progenitor Cells,target control
GSE73469,Induced Smooth Muscle Cells week2,GSM1895350;GSM1895349;GSM1895348,GSM1895354;GSM1895355;GSM1895356,Endothelial Progenitor Cells,target control
GSE73628,AKT,GSM1899742;GSM1899743;GSM1899744;GSM1899745;GSM1899746;GSM1899747,GSM1899707;GSM1899708;GSM1899709;GSM1899710;GSM1899711;GSM1899712;GSM1899713;GSM1899714;GSM1899715;GSM1899716;GSM1899717;GSM1899718,human mammary epithelial cells,
GSE73628,BAD,GSM1899736;GSM1899737;GSM1899738;GSM1899739;GSM1899740;GSM1899741,GSM1899707;GSM1899708;GSM1899709;GSM1899710;GSM1899711;GSM1899712;GSM1899713;GSM1899714;GSM1899715;GSM1899716;GSM1899717;GSM1899718,human mammary epithelial cells,
GSE73628,HER/ERBB2,GSM1899725;GSM1899726;GSM1899727;GSM1899728;GSM1899729,GSM1899707;GSM1899708;GSM1899709;GSM1899710;GSM1899711;GSM1899712;GSM1899713;GSM1899714;GSM1899715;GSM1899716;GSM1899717;GSM1899718,human mammary epithelial cells,
GSE73628,IGF1R,GSM1899719;GSM1899720;GSM1899721;GSM1899722;GSM1899723;GSM1899724,GSM1899707;GSM1899708;GSM1899709;GSM1899710;GSM1899711;GSM1899712;GSM1899713;GSM1899714;GSM1899715;GSM1899716;GSM1899717;GSM1899718,human mammary epithelial cells,
GSE73628,RAF1,GSM1899730;GSM1899731;GSM1899732;GSM1899733;GSM1899734;GSM1899735,GSM1899707;GSM1899708;GSM1899709;GSM1899710;GSM1899711;GSM1899712;GSM1899713;GSM1899714;GSM1899715;GSM1899716;GSM1899717;GSM1899718,human mammary epithelial cells,
GSE73628,ERK1,GSM1899748;GSM1899749;GSM1899750;GSM1899751;GSM1899752;GSM1899753,GSM1899707;GSM1899708;GSM1899709;GSM1899710;GSM1899711;GSM1899712;GSM1899713;GSM1899714;GSM1899715;GSM1899716;GSM1899717;GSM1899718,human mammary epithelial cells,
GSE74250,CPEB1 ,GSM2308770;GSM2308771,GSM2308769,HFF cells,HFF cells
GSE74250,CPEB1 ,GSM2308770;GSM2308771,GSM2308769;GSM1904405;GSM1904406;GSM1904407;GSM1904408;GSM1904409;GSM1904410,,countting lentivirus as control
GSE75291,ARID1b,GSM1948930;GSM1948931;GSM1948932,GSM1948929;GSM1948928;GSM1948927,IMR90,
GSE75940,LncVSM (AK098656),GSM1970482;GSM1970483;GSM1970484;GSM1970485,GSM1970481;GSM1970480;GSM1970479;GSM1970478,Vascular Smooth Muscle cells,
GSE76610,pNG-Crb3 retrovirus.,GSM2028972;GSM2028973;GSM2028974,GSM2028971;GSM2028970;GSM2028969,MCF-10,
GSE76684,FUGW-GFP-HOXA7,GSM2035731,GSM2035730,EB-HSPCs ,
GSE78070,unspliced XBP1,GSM2066196,GSM2066194,LX2,
GSE78070,splice XBP1,GSM2066195,GSM2066194,LX2,
GSE78070,unspliced XBP1,GSM2066199,GSM2066197,TWNT4,
GSE78070,splice XBP1,GSM2066198,GSM2066197,TWNT4,
GSE79625,LM02,GSM2099085;GSM2099086;GSM2099087,GSM2099088,T-cell ,
GSE81723  ,"GATA4, TBX5, MEF2C, MYOCD, NKX2-5",GSM2174503;GSM2174504;GSM2174505,GSM2174500;GSM2174501;GSM2174502,Human Dermal Fibroblasts ,
GSE81723  ,"GATA4, TBX5, MEF2C, MYOCD, NKX2-5, microRNAs miR-1 and miR-133a.",GSM2174506;GSM2174507;GSM2174508,GSM2174500;GSM2174501;GSM2174502,Human Dermal Fibroblasts ,
GSE81931,SNAI1,GSM2177873;GSM2177875;GSM2177877;GSM2177879;GSM2177881;GSM2177883,GSM2177872;GSM2177874;GSM2177876;GSM2177878;GSM2177880;GSM2177882,MCF-10A,
GSE82179,ODC1,GSM2185688;GSM2185689;GSM2185690,GSM2185685;GSM2185686;GSM2185687,RWPE1,
GSE83930,pre-miR-17,GSM222110;GSM2221812,GSM2221809;GSM2221811,Rheumatoid arthritis Synovial Fibroblasts,
GSE85250,miR-494,GSM2263071;GSM2263073;GSM2263075,GSM2263072;GSM2263074;GSM2263076,CD34+ hematopoietic stem/progenitor cells,
GSE85565,TCF21,GSM2277229;GSM2277230;GSM2277232;GSM2277234,GSM2277221;GSM2277223;GSM2277225;GSM2277227, human coronary artery smooth muscle cells,
GSE85965,BACE1-AS,GSM2288640;GSM2288641;GSM2288643,GSM2288642;GSM2288644,HAOEC,
GSE86611,ASF1B,GSM23068343;GSM23068344;GSM23068345;GSM23068346;GSM23068347;GSM23068348;GSM23068349;GSM23068350;GSM23068351;GSM23068352,GSM2306833;GSM2306834;GSM2306835;GSM2306836;GSM2306837;GSM2306838;GSM2306839;GSM2306840;GSM23068341;GSM23068342,human islets ,replicates dif patietns
GSE86791,CPEB1 ,GSM2308770;GSM2308771,GSM2308769,human foreskin fibroblast,with virus
GSE87436,microRNA-132,GSM2331328;GSM2331329;GSM2331330,GSM2331331;GSM2331332;GSM2331333,human dermal fibroblasts,
GSE87554,YAP-S127A,GSM2333706;GSM2333707,GSM2333704;GSM2333705,HUVEC,
GSE90982,KLF4,GSM2418720;GSM2418722,GSM2418719;GSM2418721,Human Umbilical Vein Endothelial Cells,
GSE93110,microRNA-19a ,GSM2444006;GSM2444007;GSM2444008,GSM2444015;GSM2444016;GSM2444017,human epidermal keratinocytes,
GSE93110,miR-19b,GSM2444009;GSM2444010;GSM2444011,GSM2444015;GSM2444016;GSM2444017,human epidermal keratinocytes,
GSE93110,miR-20a,GSM2444012;GSM2444013;GSM2444014,GSM2444015;GSM2444016;GSM2444017,human epidermal keratinocytes,
GSE93616,JunB ,GSM2458789,GSM2458788,microvascular endothelial,
GSE94384,PELO1h,GSM2474465,GSM2474459,primary human platelets,
GSE94384,PELO2h,GSM2474466,GSM2474460,primary human platelets,
GSE94384,PELO4h,GSM2474467,GSM2474461,primary human platelets,
GSE94384,PELO6h,GSM2474468,GSM2474462,primary human platelets,
GSE95431,miR-103a,GSM2510621;GSM2510622;GSM2510623,GSM2510618;GSM2510619;GSM2510620,HAEC,
GSE95431,miR-585,GSM2510627;GSM2510628;GSM2510629,GSM2510618;GSM2510619;GSM2510620,HAEC,
GSE96062,IRF1,GSM2531508;GSM2531509;GSM2531510,GSM2531505;GSM2531506;GSM2531507,ASC-adipocytes,
GSE96089,SNAIL,GSM2533075;GSM2533076;GSM2533077,GSM2533068;GSM2533069;GSM2533070;GSM2533071,Endothelial,
GSE97616,Pitx1,GSM2573182;GSM2573183;GSM2573184,GSM2573179;GSM2573180;GSM2573181,Human epidermal keratinocytes ,
GSE97616,SOX2,GSM2573185;GSM2573186;GSM2573187,GSM2573179;GSM2573180;GSM2573181,Human epidermal keratinocytes ,
GSE97807,CALR,GSM2577704;GSM2577706;GSM25777078,GSM2577703;GSM2577705;GSM2577707,CD34+ cells,
GSE97824,miR-199-5p,GSM2579009;GSM2579012;GSM2579015,GSM2579007;GSM2579010;GSM2579016,human lung fibroblasts,
GSE97824,miR-199a-3p,GSM2579013;GSM2579014;GSM2579017,GSM2579007;GSM2579010;GSM2579016,human lung fibroblasts,
GSE97824,miR-214-3p,GSM2579008;GSM2579011;GSM2579018,GSM2579007;GSM2579010;GSM2579016,human lung fibroblasts,
GSE98060,HIF1a,GSM2586505;GSM2586506;GSM2586507,GSM2586501;GSM2586502;GSM2586503,HUVECs,
GSE98060,HIF1b,GSM2586509;GSM2586519;GSM2586520,GSM2586501;GSM2586502;GSM2586503,HUVECs,
GSE98198,MYOD,GSM2589109;GSM2589111;GSM2589113;GSM2589115,GSM2589108;GSM2589110;GSM2589112;GSM2589114,Fibroblasts,
GSE98768,H3.1WT ,GSM2611512;GSM2611513;GSM2611514,GSM2611521;GSM2611522;GSM2611523,human primary fibroblast,
GSE98768,H3.1K27A ,GSM2611515;GSM2611516;GSM2611517,GSM2611521;GSM2611522;GSM2611523,human primary fibroblast,
GSE98768,H3.1K27M,GSM2611518;GSM2611519;GSM2611520,GSM2611521;GSM2611522;GSM2611523,human primary fibroblast,
GSE100185,Sirt6,GSM2674257,GSM2674255,Podocyte ,no high glucose
GSE100185,Sirt6,GSM2674258,GSM2674256,Podocyte ,high glucose
GSE100670,miR-146a ,GSM2690858;GSM2690859;GSM26908560,GSM2690861;GSM2690862;GSM2690863,Undiff,assume mut is control
GSE100670,miR-146a ,GSM2690864;GSM2690865;GSM2690866,GSM2690867;GSM2690868;GSM2690869,Diff,assume mut is control
GSE100691,satellite alpha plasmid. ,GSM2691385;GSM2691386;GSM2691387,GSM2691382;GSM2691383;GSM2691384,ARPE19,
GSE102122,Day 3 POU3F2oe,GSM2724403;GSM27244004;GSM27244005;GSM272406,GSM2724400;GSM27244001;GSM27244002;GSM2724399,NSC ,
GSE102122,Day 10 POU3F2oe,GSM2724411;GSM27244012;GSM27244013;GSM272414,GSM2724407;GSM27244008;GSM27244009;GSM272410,NSC ,
GSE102132,vIRF3 ,GSM2728647;GSM2728648;GSM2728649,GSM2728644;GSM2728645;GSM2728646,lymphatic endothelial cells,
GSE102132,vIRF3 ,GSM2839978;GSM2839979;GSM2839980,GSM2839975;GSM2839976;GSM2839977,blood endothelial cells,
GSE102295,miR20b,GSM2733444;GSM2733446;GSM2733448,GSM2733443;GSM2733445;GSM2733447,hskm,
GSE102732,sFRP2,GSM2743897;GSM2743898,GSM2743889;GSM2743890,mesenchymal stem cells,
GSE102732,sFRP2,GSM2743899;GSM2743900;GSM2743901;GSM2743902;GSM2743903;GSM2743904,GSM2743891;GSM2743892;GSM2743893;GSM2743894;GSM2743895;GSM2743896,Pre-osteoblasts,
GSE103007,DNMT3A transcripts 1+3,GSM2752476;GSM2752480;GSM2752484,GSM2752467;GSM2752471;GSM2752475;GSM2752479;GSM2752483;GSM2752487,cord blood-derived CD34+ hematopoietic stem,
GSE103007,DNMT3A transcripts2,GSM2752477;GSM2752481;GSM2752485,GSM2752467;GSM2752471;GSM2752475;GSM2752479;GSM2752483;GSM2752487,cord blood-derived CD34+ hematopoietic stem,
GSE103007,DNMT3A transcripts4,GSM2752478;GSM2752482;GSM2752486,GSM2752467;GSM2752471;GSM2752475;GSM2752479;GSM2752483;GSM2752487,cord blood-derived CD34+ hematopoietic stem,check dif with GSE103008 same?
GSE104661,NFAT3,GSM2805189;GSM2805190,GSM2805189;GSM2805190,human aortic smooth muscle cells,two channels
GSE104683,ATOH8,GSM2805415,GSM2805414,endothelial cells,
GSE104823,YAP5SA,GSM2808422;GSM2808423,GSM2808420;GSM2808421,gastric epithelial cells,
GSE104853,MicroRNA-125a-5p ,GSM2808846;GSM2808847;GSM2808848,GSM2808843;GSM2808844;GSM2808845,human macrophages,
GSE106502,GFP,GSM2839371,GSM2839370,MCF10A,
GSE106502,miR-105,GSM2839372,GSM2839370,MCF10A,
GSE106502,MYC,GSM2839373,GSM2839370,MCF10A,
GSE106596,SCD1,GSM2843723;GSM2843724;GSM2843725,GSM2843726;GSM2843727;GSM2843728,BM-MSC,
GSE107594,HMGA2 ,GSM2871857;GSM2871858;GSM2871859;GSM2871860,GSM2871853;GSM2871854;GSM2871855;GSM2871856,human hematopoietic stem and progenitor cells,
GSE109090,HMGA2-S+3'UTRwt ,GSM2931537;GSM2931538,GSM2931543;GSM2931544,BM-HSC,check overlap GSE109093 
GSE109090,CLK3,GSM2931541;GSM2931542,GSM2931543;GSM2931544,BM-HSC,
GSE112060,miRNA-146a ,GSM3056610,GSM3056609,smooth muscle cells,
GSE112279,MKL1,GSM3064694;GSM3064695;GSM3066023;GSM3066024,GSM3064692;GSM3064693;GSM3066022;GSM3066023,s megakaryocytE,"assumes dox activated, tpa out"
GSE112714,Ctnnb1,GSM3081936;GSM3081937;GSM3081938,GSM3081925;GSM3081926;GSM3081927,medial ganglionic eminence (MGE) progenitors,control wt
GSE112714,Ctnnb1,GSM3081936;GSM3081937;GSM3081938,GSM3081933;GSM3081934;GSM3081935,medial ganglionic eminence (MGE) progenitors,control not plus dox
GSE113117,DGCR8,GSM3097156;GSM3097157,GSM3097154;GSM3097155,hMSCs,
GSE114553,LHX6,GSM3143936;GSM3143937;GSM3143938,GSM3143933;GSM3143934;GSM3143935,GABAergic neurons ,derived??
GSE114987,Hippo,GSM3161976;GSM3161977;GSM3161978;GSM3161979,GSM3161972;GSM3161973;GSM3161974;GSM3161975,podocytes,
GSE115097,112-270 IL-33,GSM3165111;GSM3165112;GSM3165113,GSM3165108;GSM3165109;GSM3165110,esophageal epithelial cells,
GSE115097,Full-Length IL-33 ,GSM3165117;GSM3165118;GSM3165119,GSM3165114;GSM3165115;GSM3165116,esophageal epithelial cells,
GSE116114,YAP5SA,GSM3209095;GSM3209096;GSM3209097;GSM3209098,GSM3209091;GSM3209092;GSM3209093;GSM3209094,human dermal lymphatic endothelial cells ,
GSE116662,"GATA3, scratched",GSM3245001;GSM3245002;GSM3245003,GSM3244995;GSM3244996;GSM3244997,astrocyte,
GSE116662,"GATA3, uscratched",GSM3245004;GSM3245005;GSM3245006,GSM3245000;GSM3245001;GSM3245002,astrocyte,
GSE117506,microRNA-34a,GSM3302044;GSM3302045;GSM3302046,GSM3302051;GSM3302052;GSM3302053,human epidermal keratinocytes,
GSE117506,microRNA-34c,GSM3302047;GSM3302048;GSM3302049,GSM3302051;GSM3302052;GSM3302053,human epidermal keratinocytes,
GSE117608,SMILR,GSM3305092;GSM3305093;GSM3305094,GSM3305095;GSM3305096;GSM3305097,vascular smooth muscle cell,
GSE118815,MIR503HG overexpression,GSM3348157;GSM3348158;GSM3348159,GSM3348151;GSM3348152;GSM3348153,HUVEC cells ,just cont
GSE118815,MIR503HG overexpression,GSM3348157;GSM3348158;GSM3348159,GSM3348154;GSM3348155;GSM3348156,HUVEC cells ,empty vector
GSE118815,MIR503HG overexpression,GSM3348157;GSM3348158;GSM3348159,GSM3348151;GSM3348152;GSM3348153;GSM3348154;GSM3348155;GSM3348156,HUVEC cells ,both
GSE118815,MIR503HG overexpression EndMT (TGFβ2 and IL1β) ,GSM3348166;GSM3348167;GSM3348168,GSM3348160;GSM3348161;GSM33481682,HUVEC cells ,just cont
GSE118815,MIR503HG overexpression EndMT (TGFβ2 and IL1β) ,GSM3348166;GSM3348167;GSM3348168,GSM3348163;GSM3348164;GSM33481685,HUVEC cells ,empty vector
GSE118815,MIR503HG overexpression EndMT (TGFβ2 and IL1β) ,GSM3348166;GSM3348167;GSM3348168,GSM3348160;GSM3348161;GSM33481682;GSM3348163;GSM3348164;GSM33481685,HUVEC cells ,both
GSE120081,OC1+Bclxl,GSM3393015;GSM3393016;GSM3393017;GSM3393018;GSM3393019;GSM3393020,GSM3393001;GSM3393002;GSM3393003;GSM3393004,Fibroblast,contrl nothing
GSE120081,OC1+Bclxl,GSM3393015;GSM3393016;GSM3393017;GSM3393018;GSM3393019;GSM3393020,GSM3393013;GSM3393014,Fibroblast,contorl bxcl
GSE120081,OC1+Bclxl,GSM3393015;GSM3393016;GSM3393017;GSM3393018;GSM3393019;GSM3393020,GSM3393013;GSM3393014;GSM3393001;GSM3393002;GSM3393003;GSM3393004,Fibroblast,both
GSE120131,OC1+Bclxl,GSM3393038;GSM3393039;GSM3393040;GSM3393041;GSM3393042;GSM3393043,GSM3393024;GSM3393025;GSM3393040;GSM3393026;GSM3393027,Fibroblast,contrl nothing
GSE120131,OC1+Bclxl,GSM3393038;GSM3393039;GSM3393040;GSM3393041;GSM3393042;GSM3393043,GSM3393036;GSM3393037,Fibroblast,contorl bxcl
GSE120131,OC1+Bclxl,GSM3393038;GSM3393039;GSM3393040;GSM3393041;GSM3393042;GSM3393043,GSM3393024;GSM3393025;GSM3393040;GSM3393026;GSM3393027;GSM3393036;GSM3393037,Fibroblast,both
GSE120364,TOX,GSM3398921;GSM3398922;GSM3398923,GSM3398918;GSM3398919;GSM3398920,CD8+ T cells,
GSE120378,STX4,GSM3399517;GSM3399519;GSM3399521,GSM3399516;GSM3399518;GSM3399520,Human islets,
GSE121782,SREBP2(N) ,GSM3446032;GSM3446030,GSM3446031;GSM3446029,Human Umbilical Vein Endothelial Cells,
GSE122481,FOXF1,GSM3467130;GSM3467131;GSM3467132,GSM3467127;GSM3467128;GSM3467129,Human Umbilical Vein Endothelial Cells,total control
GSE122481,FOXF1,GSM3467130;GSM3467131;GSM3467132,GSM3467133;GSM3467134;GSM3467135,"Normal esophageal squamous cells,",empty vector
GSE122481,FOXF1,GSM3467130;GSM3467131;GSM3467132,GSM3467127;GSM3467128;GSM3467129;GSM3467133;GSM3467134;GSM3467135,"Normal esophageal squamous cells,",both
GSE124590,Pim-1,GSM3537300;GSM3537302;GSM3537304,GSM3537299;GSM3537301;GSM3537303,uman c-kit+ cardiac interstitial cells,
GSE124951,U1 snRNA,GSM3559976;GSM3559977,GSM3559974;GSM3559975,human neurons,
GSE126187,miR-19b-3p,GSM3592800;GSM3592802;GSM3592804;GSM3592806,GSM3592799;359GSM2801;GSM359803;GSM359805,Human Skeletal Muscle Cells,
GSE126295,miR-335 ,GSM3595760;GSM3595761,GSM3595758;GSM3595750,HUVEC ,
GSE126527,microRNA-722,GSM3603058;GSM3603059;GSM3603060,GSM3603055;GSM3603056;GSM3603057,mature neutrophil like cells,
GSE128634,FOXO1A3 16h,GSM3681479;GSM3681480;GSM3681481,GSM3681482;GSM3681483;GSM3681484,HUVECs,
GSE128634,FOXO1A3 24h,GSM4067393;GSM4067394;GSM406734;GSM4067395;GSM4067396;GSM4067397;GSM4067398,GSM4067399;GSM4067400;GSM4067401;GSM40674020;GSM40674030;GSM4067404,HUVECs,
GSE128636,FOXO1A3 16h,GSM4067393;GSM4067394;GSM4067395,GSM4067399;GSM4067400;GSM4067401,human endothelial cells,
GSE128636,FOXO1A3 24h,GSM3681479;GSM3681480;GSM3681482,GSM3681482;GSM3681483;GSM3681484,human endothelial cells, 
GSE128636,FOXO1A3 32h,GSM4067396;GSM4067397;GSM4067398,GSM4067402;GSM4067403;GSM4067404,human endothelial cells, 
GSE128636,gMYC,GSM4915119;GSM4915120;GSM4915121,GSM4915116;GSM4915117;GSM4915118,human endothelial cells,
GSE129934,Lnc-ITSN1-2 ,GSM3728308,GSM3728309,RA fibroblast-like synoviocytes (FLS), 
GSE133002,NRG1,GSM3898098;GSM3898099;GSM3898100,GSM3898095;GSM3898096;GSM3898097,human airway epithelial cells,
GSE133098,KDM3A ,GSM3899806;GSM3899807,GSM3899810;GSM3899811,mesenchymal stromal cell ,
GSE133098,KDM4C,GSM3899808;GSM3899809,GSM3899810;GSM3899811,mesenchymal stromal cell ,
GSE133493,NRG1,GSM3898098;GSM3898099;GSM3898100,GSM3898095;GSM3898096;GSM3898097,AALE,
GSE133749,AdAlox5,GSM3926620;GSM3926621;GSM3926622,GSM3926614;GSM3926615;GSM3926616,Human pulmonary artery endothelial cells,
GSE133795,P2Y2,GSM3927422;GSM3927423,GSM3927420;GSM3927421,endothelial cells ,
GSE136095,MYB ,GSM4041093;GSM4041096;GSM4041099,GSM4041092;GSM4041095;GSM4041098,MCF10A,
GSE136095,MYB-NFIB ,GSM4041094;GSM4041097;GSM4041100,GSM4041092;GSM4041095;GSM4041098,MCF10A,
GSE136120,ANXA2,GSM4041367;GSM4041368;GSM4041369,GSM4041364;GSM4041365;GSM4041366,human retinal vascular endothelial cells,
GSE136807,AR-2,GSM4058393;GSM4058394;GSM4058395,GSM4058390;GSM4058391;GSM4058392,assumes ev control,
GSE138621,AUF-1,GSM4114458;GSM4114459;GSM4114460,GSM4114455;GSM4114456;GSM4114457,quiescent human fibroblasts,
GSE139950,Runx1,GSM5280160;GSM5280161;GSM5280162,GSM5280157;GSM5280158;GSM5280159,Kidney fibroblasts,
GSE140062,miR-486-5p,GSM4153433;GSM4153435;GSM4153437,GSM4153432;GSM4153434;GSM4153436,CD34+ ,
GSE141129,miR-126-3p,GSM4195871;GSM4195874;GSM4195877,GSM4195870;GSM4195873;GSM4195876,rimary human lung microvascular endothelial cells,
GSE145019,CLOCK,GSM4304363;GSM4304364,GSM4304365;GSM4304366,hMSC ,
GSE145112,H19,GSM4306664,GSM4306665,periodontal ligament cells,
GSE146527,IFI6,GSM4391307;GSM4391308;GSM4391309;GSM4391310,GSM4391311;GSM4391312;GSM4391313;GSM4391314,Fibroblast,irradiation
GSE146774,miR-483,GSM4406793;GSM4406794,GSM4406791;GSM4406792,hPAECs,
GSE146888,thromboxane A2 receptor isoforms TPa,GSM4408820;GSM4408821;GSM4408822,GSM4408817;GSM4408818;GSM4408819,vascular endothelial cells,
GSE146888,thromboxane A2 receptor isoforms Tpb,GSM4408823;GSM4408824;GSM4408825,GSM4408817;GSM4408818;GSM4408819,vascular endothelial cells,
GSE147669,TRAM2 ,GSM4441665;GSM4441666;GSM4441667;GSM4441668,GSM4441661;GSM4441662;GSM4441663;GSM4441664,MCF10A,
GSE147669,YAP,GSM4441669;GSM4441670,GSM4441661;GSM4441662;GSM4441663;GSM4441664,MCF10A,
GSE148274,Podocalyxin,GSM4459419;GSM4459417;GSM4459415;GSM4459413,GSM4459418;GSM4459416;GSM4459414;GSM4459412,endometrial epithelium,
GSE148289,miR-184,GSM4459767,GSM4459768,human corneal epithelial cell,
GSE148883,long-term INKA-1,GSM4485129;GSM4485130;GSM4485131,GSM4485126;GSM4485127;GSM4485128,human hematopoietic stem cells,
GSE148883,short-term INKA-1,GSM4485135;GSM4485136;GSM4485137,GSM4485132;GSM4485133;GSM4485134,human hematopoietic stem cells,
GSE149238,S1PR3,GSM4494761;GSM4494762;GSM4494763;GSM4494764;GSM4494765;GSM4494766,GSM4494756;GSM4494757;GSM4494758;GSM4494759;GSM4494760,human hematopoietic stem cells ,
GSE150768,AHR,GSM4558324;GSM4558325;GSM4558326;GSM4558327,GSM4558320;GSM4558321;GSM4558322;GSM4558323,human hematopoietic stem cells ,
GSE151262,miR-142-3p,GSM4569773;GSM4569775;GSM4569777;GSM4569779,GSM4569774;GSM4569776;GSM4569778,monocytes-derived dendritic cells ,
GSE151610,EMP2 hypoxia,GSM4586568;GSM4586576;GSM4586584,GSM4586569;GSM4586577;GSM4586585,retinal epithelial cells,
GSE151610,EMP2 normoxia,GSM4586572;GSM4586580;GSM4586588,GSM4586573;GSM4586581;GSM4586589,retinal epithelial cells,
GSE153022,CELF1,GSM4633207;GSM4633208;GSM463309,GSM4633210;GSM4633211;GSM463312,SRA01/04 cells,
GSE153447,BAF60a ,GSM4644378;GSM4644379;GSM4644380,GSM4644375;GSM4644376;GSM4644377,HASMC,
GSE153913,TFEB,GSM4658389;GSM4658390;GSM4658391,GSM4658386;GSM4658387;GSM4658388,LT_HSC,
GSE153914,TFEB,GSM4658394;GSM4658395;GSM4658396,GSM4658392;GSM4658393,MEP,
GSE153915,TFEB,GSM4658399;GSM4658400,GSM4658397;GSM4658398,MPP,
GSE154546,SLUG - D2,GSM4673219;GSM4673221;GSM4673223;GSM4673227,GSM4673218;GSM4673220;GSM4673222;GSM4673226,Angiogenic HUVEC,
GSE154546,SLUG – D6,GSM4673221;GSM4673225;GSM4673229,GSM4673220;GSM4673224;GSM4673228,Angiogenic HUVEC,
GSE154961,CHD4,GSM4685025;GSM4685026;GSM4685020;GSM4685021,GSM4685023;GSM4685024;GSM4685018;GSM4685019,HUDEP-2 cells and primary human CD34+,
GSE155270,ZNF354C,GSM4698316;GSM4698317;GSM4698318,GSM4698313;GSM4698314;GSM4698315,endothelial cells,
GSE155290,SOX9,GSM4698582;GSM4698583;GSM4698584,GSM4698579;GSM4698580;GSM4698581,HUVECs,
GSE155312,AC16,GSM4698903;GSM4698904,GSM4698901;GSM4698902,CAR cells,
GSE155495,YAP ,GSM4705307;GSM4705308;GSM4705309,GSM4705298;GSM4705299;GSM4705300,DCM, 
GSE155946,Caskin2,GSM4716724;GSM4716725;GSM4716726,GSM4716727;GSM4716728;GSM4716729,HUVEC,
GSE157080,DNMT3L,GSM4752176;GSM4752177;GSM4752178,GSM4752173;GSM4752174;GSM4752175,"Cultured cortical neurons,",
GSE157081,DNMT3L,GSM4752157;GSM4752158;GSM47521579,GSM4752154;GSM4752155;GSM47521556,"Cultured cortical neurons,",
GSE158498,Nfatc1,GSM4801753;GSM4801756;GSM4801759;GSM4801762;GSM4801765;GSM4801768;GSM4801771;GSM4801774,GSM4801755;GSM4801758;GSM4801761;GSM4801764;GSM4801767;GSM4801770;GSM4801771;GSM4801773;GSM4801776,human islets,
GSE158498,Nfatc2,GSM4801754;GSM4801757;GSM4801760;GSM4801763;GSM4801766;GSM4801769;GSM4801770;GSM4801775,GSM4801755;GSM4801758;GSM4801761;GSM4801764;GSM4801767;GSM4801770;GSM4801771;GSM4801776,human islets,
GSE159652,PRDM1,GSM4836901;GSM4836902,GSM4836899;GSM4836900,human primordial germ cell,
GSE159652,SOX17,GSM4836903;GSM4836904,GSM4836899;GSM4836900,human primordial germ cell,
GSE160451,ETV2,GSM4873534;GSM4873536;GSM4873538,GSM4873533;GSM4873535;GSM4873537,human dental pulp stem cells,
GSE160906,miR-378a-3p 24h,GSM4885914;GSM4885915;GSM4885916,GSM4885911;GSM4885912;GSM4885913,keratinocyte (psoriasis),pathological
GSE160906,miR-378a-3p 48h,GSM4885923;GSM4885924;GSM4885925,GSM4885926;GSM4885927;GSM4885928,keratinocyte (psoriasis),pathological
GSE161811,human antigen R,GSM4915085;GSM4915086;GSM4915087,GSM4915082;GSM4915083;GSM4915084,human skin cells,
GSE163456,TAZ S89A,GSM4979536;GSM4979537;GSM4979538,GSM4979533;GSM4979534;GSM4979535,human endothelial cells,
GSE163456,TAZ S51A/S89A ,GSM4979539;GSM4979540;GSM4979541,GSM4979533;GSM4979534;GSM4979535,human endothelial cells,
GSE163456,YAP S127A,GSM4979542;GSM4979543;GSM4979544,GSM4979533;GSM4979534;GSM4979535,human endothelial cells,
GSE163456,S94A/S127A ,GSM4979545;GSM4979546;GSM4979547,GSM4979533;GSM4979534;GSM4979535,human endothelial cells,
GSE163543,ZNF676,GSM4981355;GSM4981356;GSM4981357,GSM4981358;GSM4981359;GSM4981360,normal human bronchoepithelial ,
GSE163645,ZNF593-AS 5‘,GSM4983410;GSM4983411;GSM4983412,GSM4983407;GSM4983408;GSM4983409,human-derived primary cardiomyocytes,end overexpression under phenylephrine stimulation
GSE164396,Episome,GSM5009028;GSM5009029;GSM5009030,GSM5009037;GSM5009038;GSM5009039,HUVEC,to ispc
GSE164396,Episome and macroH2A1.1 overexpressing vector,GSM5009031;GSM5009032;GSM5009033,GSM5009037;GSM5009038;GSM5009039,HUVEC,
GSE164396,Episome and macroH2A1.2 overexpressing vector,GSM5009034;GSM5009035;GSM5009036,GSM5009037;GSM5009038;GSM5009039,HUVEC,
GSE164400,miR-378a,GSM5009099;GSM5009100;GSM5009101,GSM5009095;GSM5009096;GSM5009097,human keratinocytes,
GSE164626,SIX3,GSM5015668,GSM5015667,human pancreatic β cells ,
GSE165970,MSX2,GSM5059618;GSM5059619,GSM5059615;GSM5059616;GSM5059617;GSM5059620;GSM5059621;GSM5059622,s syncytiotrophoblast ,
GSE166437,T-BET,GSM5071180;GSM5071183;GSM5071186;GSM5071189;GSM5071192,GSM5071179;GSM507117982;GSM507117985;GSM5071188;GSM5071191,hematopoietic progenitor cells ,
GSE166437,EOMES,GSM5071181;GSM5071184;GSM5071187;GSM5071190;GSM5071193,GSM5071179;GSM507117982;GSM507117985;GSM5071188;GSM5071191,hematopoietic progenitor cells ,
GSE166438,T-BET,GSM5071195;GSM5071198;GSM5071201;GSM5071204;GSM5071207;GSM5071210;GSM5071213;GSM5071216,GSM5071194;GSM5071197;GSM5071200;GSM5071203;GSM5071206;GSM5071209;GSM5071212;GSM5071215,human Natural Killer ,
GSE166438,EOMES,GSM5071196;GSM5071199;GSM5071202;GSM5071205;GSM5071208;GSM5071211;GSM5071214;GSM5071217,GSM5071194;GSM5071197;GSM5071200;GSM5071203;GSM5071206;GSM5071209;GSM5071212;GSM5071215,human Natural Killer ,
GSE166605,miR-155,GSM5076144;GSM5076146;GSM5076148;GSM5076150;GSM5076152,GSM5076143;GSM5076145;GSM5076147;GSM5076149;GSM5076151,human CD14+ monocytes,
GSE169702,FHH 2.25d,GSM5212800,GSM5212799,HDFs,
GSE169702,FHH 5d,GSM5212801,GSM5212799,HDFs,
GSE169702,PIM1,GSM5212805;GSM5212806;GSM5212807,GSM5212804;GSM5212803;GSM5212802,HDFs,
GSE171719,Klotho ,GSM5231362;GSM5231363;GSM5231364,GSM5231365;GSM5231366;GSM5231367,human brain ,organoid
GSE172288,HSD17B7 ,GSM5251908;GSM5251909;GSM5251912,GSM5251907;GSM5251910;GSM5251911,human keratinocytes,Human keratinocytes
GSE172436,RUNX2,GSM5256010;GSM5256012;GSM5256014;GSM5256016,GSM5256009;GSM5256011;GSM5256013;GSM5256015,Natural Killer,
GSE173388,GPR3,GSM5266992;GSM5266993;GSM5266994,GSM5266989;GSM5266990;GSM5266991,human fat stromal vascular fraction cells,
GSE173586,HIC2,GSM5271248,GSM5271247,Primary erythroblasts ,
GSE173586,HIC2,GSM5271251;GSM5271252,GSM5271250;GSM5271249,HUDEP2 cell,
GSE174130,RGS5 ,GSM5287702;GSM5287703;GSM5287704,GSM5287699;GSM5287700;GSM5287701,vascular smooth muscle cells,
GSE178382,S100A7,GSM5389384;GSM5389385;GSM5389386,GSM5389381;GSM5389382;GSM5389383,alveolar epithelial cells ,viral infection
GSE180765,MiR-124,GSM5470543;GSM5470544;GSM5470545,GSM5470546;GSM5470547;GSM5470548,huvec,
GSE181059,RUNX3,GSM5482697;GSM5482698;GSM5482699;GSM5482700;GSM5482701,GSM5482692;GSM5482693;GSM5482694;GSM5482695;GSM5482696,HSPCs,
GSE181138,miR-130a,GSM5488583;GSM5488584;GSM5488586,GSM5488579;GSM5488581;GSM5488582,CD34+,
GSE181322,FOXQ1,GSM5494744,GSM5494743,HMLE,
GSE181322,TWIST1,GSM5494745,GSM5494743,HMLE,
GSE181322,ZEB2,GSM5494746,GSM5494743,HMLE,
GSE181322,SNAI1,GSM5494747,GSM5494743,HMLE,
GSE181329,HDAC4,GSM5494804;GSM5494805;GSM5494806,GSM5494801;GSM5494802;GSM5494803,dermal fibroblasts,senescence
GSE181976,PLAG1-S,GSM5515101;GSM5515102,GSM5515103;GSM5515104,Lind-CD34+ cord-blood cells,
GSE182806,constitutively active RhoA ,GSM5537273;GSM5537274;GSM5537275,GSM5537270;GSM5537271;GSM5537272,human endothelial cells,
GSE182806,ominant negative RhoA ,GSM5537276;GSM5537277;GSM5537278,GSM5537270;GSM5537271;GSM5537272,human endothelial cells,
GSE183328,DDIT3-overexpression plasmid; 14 days erythroid dif,GSM5555663;GSM5555664,GSM5555661;GSM5555662,erythroid differentiation  CD34+ cells,
GSE183328,DDIT3-overexpression plasmid ,GSM5555665;GSM5555666,GSM5555667;GSM5555668,HSCs,
GSE183328,DDIT3-overexpression plasmid  differentiated for 4 days ,GSM5555669;GSM55556770,GSM5555667;GSM55556768,CD34+ cells,
GSE183328,DDIT3-overexpression plasmid  differentiated for 10 days ,GSM5555673;GSM55556774,GSM5555671;GSM55556772,CD34+ cells,
GSE183328,DDIT3-overexpression plasmid  differentiated for 14 days ,GSM5555677;GSM55556778,GSM5555675;GSM55556776,CD34+ cells,
GSE183512,CDYL,GSM5558513;GSM5558514,GSM5558511;GSM5558512,WT 9-12 ADPKD patient. ,
GSE183512,CDYL,GSM5558519;GSM5558520;GSM5558521;GSM55585122,GSM5558515;GSM5558516;GSM5558517;GSM5558518,"tagged, ADPKD patient",
GSE183848,TBX3 ,GSM5572725;GSM5572726;GSM5572727;GSM5572728;GSM5572729;GSM5572730,GSM5572719;GSM5572720;GSM5572721;GSM5572722;GSM5572723;GSM5572724,MSCs,
GSE184088,DAZL/DAZ2/BOULE,GSM5577372;GSM5577373,GSM5577374;GSM5577375,human Sertoli ,
GSE184631,Ptbp1(T138A),GSM5593890;GSM5593891;GSM5593892,GSM5593896;GSM5593897;GSM5593898,endothelial cells,
GSE184631,Ptbp1(T138E),GSM5593893;GSM5593894;GSM5593895,GSM5593896;GSM5593897;GSM5593898,endothelial cells,
GSE185226, AD-MYDGF ,GSM5608456,GSM5608454,human podocyte ,
GSE185226, AD-MYDGF ,GSM5608457,GSM5608455,human podocyte ,Adriamycin (ADR) in culture
GSE185363,lnc-SLC15A1-1,GSM5611596;GSM5611597;GSM5611598,GSM5611593;GSM5611594;GSM5611595,HUVECs,
GSE186739,GMQ+ASIC3,GSM5660294;GSM5660295;GSM5660296,GSM5660291;GSM5660292;GSM5660293,macrophag,
GSE186761,Phactr1,GSM5660685;GSM5660686;GSM5660687,GSM5660682;GSM5660683;GSM5660684,HUVECs,
GSE186816,HTRA1,GSM5661558;GSM5661559;GSM5661560,GSM5661555;GSM5661556;GSM5661557, ARPE-19,
GSE190865,MAB21L4,GSM5733097;GSM5733098,GSM5733095;GSM5733096,primary human keratinocytes,
GSE192750,HOTAIR,GSM5764539;GSM5764540;GSM5764541;GSM5764542;GSM5764543;GSM5764544;GSM5764545;GSM5764546,GSM5764547;GSM5764548;GSM5764549;GSM5764550;GSM5764551;GSM5764552;GSM5764553;GSM5764554,human adipose derived stem cells ,
GSE193809,TBX20 ,GSM5821786;GSM5821787;GSM5821789,GSM5821783;GSM5821784;GSM5821785,HCF,
GSE193809,TBX20 day 3,GSM5821770;GSM58217769;GSM5821768,GSM5821765;GSM58217766;GSM5821767,H9F,
GSE193809,TBX20 day 9,GSM5821776;GSM58217775;GSM5821774,GSM5821771;GSM58217772;GSM5821773,H9F,
GSE193809,TBX20 day 14,GSM5821777;GSM58217778;GSM5821779,GSM5821780;GSM58217781;GSM5821782,H9F,
GSE194107,circHIPK3 ,GSM5828214;GSM5828215,GSM5828212;GSM5828213,podocyte,
GSE195670,SOX18,GSM5844936;GSM5844935;GSM5844934;GSM5844933,GSM5844937;GSM5844938,CD144plusKDRplusDLL4negCXCR4neg,
GSE195670,SOX18,GSM5844939;GSM5844940;GSM5844941;GSM5844942,GSM5844943;GSM5844944;GSM5844945;GSM5844946,CD43plusCD235anegCD41anegCD45neg,
GSE195670,SOX18,GSM5844947;GSM5844948,GSM5844949;GSM5844950,CD56plus,
GSE195679,IRX5,GSM5847972;GSM5847973;GSM5847974,GSM5847969;GSM5847970;GSM5847971,hMSCs Transcriptomes,
GSE196773,424-5p ,GSM5900573;GSM5900574;GSM5900575,GSM5900570;GSM5900571;GSM5900572,FB,
GSE196773,96-5p,GSM5900579;GSM5900580;GSM5900581,GSM5900576;GSM5900577;GSM5900578,KC,
GSE196773,218-5p,GSM5900582;GSM5900583;GSM5900584,GSM5900576;GSM5900577;GSM5900578,KC,
GSE196773,424-5p,GSM5900585;GSM5900586;GSM5900587,GSM5900570;GSM5900571;GSM5900572,KC,
GSE196773,450b-5p,GSM5900588;GSM5900589;GSM5900590,GSM5900570;GSM5900571;GSM5900572,KC,
GSE196773,516b-5p ,GSM5900591;GSM5900592;GSM5900593,GSM5900570;GSM5900571;GSM5900572,KC,
GSE196773,7704,GSM5900594;GSM5900595;GSM5900596,GSM5900570;GSM5900571;GSM5900572,KC,
GSE197115,ANRIL,GSM5909429;GSM5909430;GSM5909431,GSM5909426;GSM5909427;GSM5909428,HUVEC,
GSE199552,circRAB3IP,GSM5975153;GSM5975154,GSM5975151;GSM5975152,HUVEC,
GSE200030,VGLL3,GSM6005035,GSM6005034,fibroblast-like synoviocytes,rheumatoid arthritis
GSE201076,HSALNG0104472,GSM6050230;GSM6050231;GSM6050232,GSM6050233;GSM6050234;GSM6050235,cardiomyocytes (AC16),
GSE201958,JHDM1D-AS1 2h,GSM6085121;GSM6085122;GSM6085123;GSM6085124,GSM6085105;GSM6085106;GSM6085107;GSM6085108,THP1-MD2-CD14 cells ,
GSE201958,JHDM1D-AS1 6h,GSM6085125;GSM6085126;GSM6085127;GSM6085128,GSM6085109;GSM6085110;GSM6085111;GSM6085112,THP1-MD2-CD14 cells ,
GSE202078,HIF1A-AS1,GSM6093952;GSM6093953;GSM6093954,GSM6093949;GSM6093950;GSM6093951,VSMCs,
GSE202135,miR130a-3p_rep1,GSM6098384;GSM6098385;GSM6098386,GSM6098381;GSM6098382;GSM6098383,BMSCs,
GSE202135,miR130b-3p_rep1,GSM6098387;GSM6098388;GSM6098389,GSM6098381;GSM6098382;GSM6098383,BMSCs,
GSE205075,miR-221,GSM6204849;GSM6204847,GSM6204850;GSM6204848,dermal papilla cells,
GSE206934,Gsalpha,GSM6267003;GSM6267004;GSM6267005,GSM6267000;GSM6267001;GSM6267002,HUVEC,
GSE210075,"Ngn3, Pdx1, Mafa. pax4, Nkx2-2",GSM6416147;GSM64161478;GSM64161479,GSM6416144;GSM6416145;GSM6416146,Fibroblast,
GSE210094,OE-NFAT2,GSM6419958;GSM6419959,GSM6419956;GSM6419957,human coronary artery endothelial cells,TNFα stimulated 
GSE210119,FE,GSM6658713;GSM6658714,GSM6658711;GSM6658712,MSCs,
GSE210119,ERG/FLI1,GSM6588961;GSM6588962;GSM6588963;GSM6588964,GSM6588957;GSM6588958;GSM6588959;GSM6588960,in vivo MSCs,
GSE210667,RFX1,GSM6435249;GSM6435250;GSM6435251,GSM6435246;GSM6435247;GSM6435248,macrophages ,LPS
GSE154360,miR-9/9*-124,GSM4669622;GSM4669621,GSM4669619;GSM4669620,human fibroblasts,
GSE154360,"ISL1, LHX3",GSM4669623;GSM4669624,GSM4669619;GSM4669620,human fibroblasts,
GSE154360,Myt1L,GSM4669625;GSM4669626,GSM4669619;GSM4669620,,
